Colony,Site,DATE,Method,VisitID
Admirals,Admirals (enclosed beach),19/09/2004,COLO,134
Admirals,Admirals (enclosed beach),23/11/2003,COLO,135
Admirals,Admirals (enclosed beach),26/10/2000,COLO,136
Admirals,Admirals islet from south,15/10/2011,SURV,137
Admirals,Enclosed beach at Admirals,07/12/2008,COLO,138
Admirals,Enclosed beach at Admirals,13/01/2009,COLO,139
Admirals,Enclosed beach at Admirals,19/10/2005,COLO,140
Admirals,Enclosed beach at Admirals,20/10/2008,COLO,141
Admirals,Enclosed beach at Admirals,30/09/2006,COLO,142
Admirals,Enclosed beach at Admirals (main patch),05/11/2015,COLO,143
Admirals,Enclosed beach at Admirals (main patch),07/01/2017,COLO,144
Admirals,Enclosed beach at Admirals (main patch),12/01/2012,COLO,145
Admirals,Enclosed beach at Admirals (main patch),13/01/2015,COLO,146
Admirals,Enclosed beach at Admirals (main patch),13/10/2010,COLO,147
Admirals,Enclosed beach at Admirals (main patch),13/11/2016,COLO,148
Admirals,Enclosed beach at Admirals (main patch),14/01/2010,COLO,149
Admirals,Enclosed beach at Admirals (main patch),15/01/2016,COLO,150
Admirals,Enclosed beach at Admirals (main patch),18/10/2012,COLO,151
Admirals,Enclosed beach at Admirals (main patch),19/10/2011,COLO,152
Admirals,Enclosed beach at Admirals (main patch),22/11/2014,COLO,153
Admirals,Enclosed beach at Admirals (main patch),26/10/2009,COLO,154
Admirals,Enclosed beach at Admirals (main patch),26/10/2014,COLO,155
Admirals,Enclosed beach at Admirals (main patch),26/10/2016,COLO,156
Admirals,Enclosed beach at Admirals (main patch),26/11/2015,COLO,157
Admirals,Enclosed beach at Admirals (small patch to north),05/11/2015,COLO,158
Admirals,Enclosed beach at Admirals (small patch to north),07/01/2017,COLO,159
Admirals,Enclosed beach at Admirals (small patch to north),12/01/2012,COLO,160
Admirals,Enclosed beach at Admirals (small patch to north),13/01/2015,COLO,161
Admirals,Enclosed beach at Admirals (small patch to north),13/10/2010,COLO,162
Admirals,Enclosed beach at Admirals (small patch to north),13/11/2016,COLO,163
Admirals,Enclosed beach at Admirals (small patch to north),14/01/2010,COLO,164
Admirals,Enclosed beach at Admirals (small patch to north),15/01/2016,COLO,165
Admirals,Enclosed beach at Admirals (small patch to north),18/10/2012,COLO,166
Admirals,Enclosed beach at Admirals (small patch to north),19/10/2011,COLO,167
Admirals,Enclosed beach at Admirals (small patch to north),22/11/2014,COLO,168
Admirals,Enclosed beach at Admirals (small patch to north),26/10/2009,COLO,169
Admirals,Enclosed beach at Admirals (small patch to north),26/10/2014,COLO,170
Admirals,Enclosed beach at Admirals (small patch to north),26/10/2016,COLO,171
Admirals,Enclosed beach at Admirals (small patch to north),26/11/2015,COLO,172
Admirals,Enclosed beach at Admirals (southern most patch),05/11/2015,COLO,173
Admirals,Enclosed beach at Admirals (southern most patch),07/01/2017,COLO,174
Admirals,Enclosed beach at Admirals (southern most patch),12/01/2012,COLO,175
Admirals,Enclosed beach at Admirals (southern most patch),13/01/2015,COLO,176
Admirals,Enclosed beach at Admirals (southern most patch),13/11/2016,COLO,177
Admirals,Enclosed beach at Admirals (southern most patch),15/01/2016,COLO,178
Admirals,Enclosed beach at Admirals (southern most patch),18/10/2012,COLO,179
Admirals,Enclosed beach at Admirals (southern most patch),19/10/2011,COLO,180
Admirals,Enclosed beach at Admirals (southern most patch),22/11/2014,COLO,181
Admirals,Enclosed beach at Admirals (southern most patch),26/10/2009,COLO,182
Admirals,Enclosed beach at Admirals (southern most patch),26/10/2014,COLO,183
Admirals,Enclosed beach at Admirals (southern most patch),26/10/2016,COLO,184
Admirals,Enclosed beach at Admirals (southern most patch),26/11/2015,COLO,185
Albatross Plain,Albatross Plain,10/09/2010,SURV,186
Albatross Plain,Albatross Plain,17/09/2015,SURV,187
Albatross Plain,Albatross Plain,19/02/2010,SURV,188
Albatross Plain,Albatross Plain,20/09/2009,SURV,189
Albatross Plain,Albatross Plain,20/09/2016,SURV,190
Albatross Plain,Albatross Plain,23/09/2017,SURV,191
Albatross Plain,Albatross Plain,24/01/2015,SURV,192
Albatross Plain,Albatross Plain,30/01/2009,SURV,193
Albatross Plain,Albatross Plain,30/01/2017,SURV,194
Albatross Plain,Albatross Plain,31/01/2016,SURV,195
Albatross Plain,Albatross Plain,no specified date,SURV,196
Area 1,Area 1,15/10/2016,SURV,197
Area 1,Area 1,19/12/2016,SURV,198
Area 1,Area 1,25/03/2017,SURV,199
Area 1,Study colony,01/04/2014,SURV,200
Area 1,Study colony,01/04/2016,SURV,201
Area 1,Study colony,07/10/2011,SURV,202
Area 1,Study colony,08/10/2010,SURV,203
Area 1,Study colony,11/10/2000,SURV,204
Area 1,Study colony,11/10/2005,SURV,205
Area 1,Study colony,12/12/2008,SURV,206
Area 1,Study colony,13/10/2009,SURV,207
Area 1,Study colony,14/12/2010,SURV,208
Area 1,Study colony,15/10/2008,SURV,209
Area 1,Study colony,16/12/2009,SURV,210
Area 1,Study colony,16/12/2011,SURV,211
Area 1,Study colony,17/03/2010,SURV,212
Area 1,Study colony,17/10/2013,SURV,213
Area 1,Study colony,18/03/2011,SURV,214
Area 1,Study colony,21/12/2015,SURV,215
Area 1,Study colony,22/10/2015,SURV,216
Area 1,Study colony,22/12/2014,SURV,217
Area 1,Study colony,24/10/2014,SURV,218
Area 1,Study colony,27/03/2009,SURV,219
Area 1,Study colony,30/03/2015,SURV,220
Area 1,Study colony,31/12/2013,SURV,221
Area 1,Study colony,no specified date,SURV,222
Area 10,Area 10,11/10/2016,SURV,223
Area 10,Area 10,22/12/2016,SURV,224
Area 10,Area 10,23/03/2017,SURV,225
Area 10,Satelite area over two streams,01/04/2014,SURV,226
Area 10,Satelite area over two streams,02/04/2016,SURV,227
Area 10,Satelite area over two streams,05/11/2000,SURV,228
Area 10,Satelite area over two streams,11/10/2010,SURV,229
Area 10,Satelite area over two streams,13/10/2008,SURV,230
Area 10,Satelite area over two streams,14/10/2009,SURV,231
Area 10,Satelite area over two streams,15/10/2015,SURV,232
Area 10,Satelite area over two streams,16/10/2014,SURV,233
Area 10,Satelite area over two streams,16/12/2008,SURV,234
Area 10,Satelite area over two streams,16/12/2009,SURV,235
Area 10,Satelite area over two streams,17/03/2010,SURV,236
Area 10,Satelite area over two streams,17/12/2011,SURV,237
Area 10,Satelite area over two streams,18/10/2013,SURV,238
Area 10,Satelite area over two streams,18/12/2010,SURV,239
Area 10,Satelite area over two streams,19/03/2011,SURV,240
Area 10,Satelite area over two streams,21/12/2015,SURV,241
Area 10,Satelite area over two streams,23/10/2011,SURV,242
Area 10,Satelite area over two streams,26/11/2005,SURV,243
Area 10,Satelite area over two streams,26/12/2014,SURV,244
Area 10,Satelite area over two streams,27/10/2003,SURV,245
Area 10,Satelite area over two streams,30/03/2009,SURV,246
Area 10,Satelite area over two streams,30/03/2015,SURV,247
Area 10,Satelite area over two streams,31/12/2013,SURV,248
Area 11,Area 11,09/11/2009,SURV,249
Area 2,Area 2,16/10/2016,SURV,250
Area 2,Area 2,21/03/2017,SURV,251
Area 2,Area 2,22/12/2016,SURV,252
Area 2,Area between streams of Blechnum bridge and water dam,01/04/2014,SURV,253
Area 2,Area between streams of Blechnum bridge and water dam,02/04/2016,SURV,254
Area 2,Area between streams of Blechnum bridge and water dam,07/10/2010,SURV,255
Area 2,Area between streams of Blechnum bridge and water dam,12/12/2008,SURV,256
Area 2,Area between streams of Blechnum bridge and water dam,13/10/2008,SURV,257
Area 2,Area between streams of Blechnum bridge and water dam,14/10/2009,SURV,258
Area 2,Area between streams of Blechnum bridge and water dam,15/10/2015,SURV,259
Area 2,Area between streams of Blechnum bridge and water dam,16/10/2005,SURV,260
Area 2,Area between streams of Blechnum bridge and water dam,16/12/2009,SURV,261
Area 2,Area between streams of Blechnum bridge and water dam,17/12/2010,SURV,262
Area 2,Area between streams of Blechnum bridge and water dam,18/03/2011,SURV,263
Area 2,Area between streams of Blechnum bridge and water dam,18/10/2014,SURV,264
Area 2,Area between streams of Blechnum bridge and water dam,18/12/2011,SURV,265
Area 2,Area between streams of Blechnum bridge and water dam,20/03/2010,SURV,266
Area 2,Area between streams of Blechnum bridge and water dam,21/12/2015,SURV,267
Area 2,Area between streams of Blechnum bridge and water dam,24/10/2011,SURV,268
Area 2,Area between streams of Blechnum bridge and water dam,27/12/2014,SURV,269
Area 2,Area between streams of Blechnum bridge and water dam,29/10/2013,SURV,270
Area 2,Area between streams of Blechnum bridge and water dam,30/03/2009,SURV,271
Area 2,Area between streams of Blechnum bridge and water dam,30/03/2015,SURV,272
Area 2,Area between streams of Blechnum bridge and water dam,31/12/2013,SURV,273
Area 2,Area between streams of Blechnum bridge and water damm,11/10/2000,SURV,274
Area 2,Area between streams of Blechnum bridge and water damm,21/09/2004,SURV,275
Area 2,Area between streams of Blechnum bridge and water damm,28/10/2003,SURV,276
Area 3,Area 3,11/10/2016,SURV,277
Area 3,Area 3,22/03/2017,SURV,278
Area 3,Area 3,22/12/2016,SURV,279
Area 3,"Control area, Between streams lower and upper section, up to boundary of Phylica trees",02/04/2014,SURV,280
Area 3,"Control area, Between streams lower and upper section, up to boundary of Phylica trees",02/04/2016,SURV,281
Area 3,"Control area, Between streams lower and upper section, up to boundary of Phylica trees",08/10/2010,SURV,282
Area 3,"Control area, Between streams lower and upper section, up to boundary of Phylica trees",11/10/2000,SURV,283
Area 3,"Control area, Between streams lower and upper section, up to boundary of Phylica trees",12/12/2008,SURV,284
Area 3,"Control area, Between streams lower and upper section, up to boundary of Phylica trees",13/10/2009,SURV,285
Area 3,"Control area, Between streams lower and upper section, up to boundary of Phylica trees",14/10/2008,SURV,286
Area 3,"Control area, Between streams lower and upper section, up to boundary of Phylica trees",16/10/2015,SURV,287
Area 3,"Control area, Between streams lower and upper section, up to boundary of Phylica trees",16/12/2009,SURV,288
Area 3,"Control area, Between streams lower and upper section, up to boundary of Phylica trees",16/12/2011,SURV,289
Area 3,"Control area, Between streams lower and upper section, up to boundary of Phylica trees",17/10/2014,SURV,290
Area 3,"Control area, Between streams lower and upper section, up to boundary of Phylica trees",17/12/2010,SURV,291
Area 3,"Control area, Between streams lower and upper section, up to boundary of Phylica trees",18/10/2005,SURV,292
Area 3,"Control area, Between streams lower and upper section, up to boundary of Phylica trees",19/03/2011,SURV,293
Area 3,"Control area, Between streams lower and upper section, up to boundary of Phylica trees",19/10/2013,SURV,294
Area 3,"Control area, Between streams lower and upper section, up to boundary of Phylica trees",20/03/2010,SURV,295
Area 3,"Control area, Between streams lower and upper section, up to boundary of Phylica trees",21/09/2004,SURV,296
Area 3,"Control area, Between streams lower and upper section, up to boundary of Phylica trees",21/10/2011,SURV,297
Area 3,"Control area, Between streams lower and upper section, up to boundary of Phylica trees",21/12/2015,SURV,298
Area 3,"Control area, Between streams lower and upper section, up to boundary of Phylica trees",23/12/2013,SURV,299
Area 3,"Control area, Between streams lower and upper section, up to boundary of Phylica trees",26/12/2014,SURV,300
Area 3,"Control area, Between streams lower and upper section, up to boundary of Phylica trees",30/03/2009,SURV,301
Area 3,"Control area, Between streams lower and upper section, up to boundary of Phylica trees",30/03/2015,SURV,302
Area 3,"Control area, Between streams lower and upper section, up to boundary of Phylica trees",31/10/2003,SURV,303
Area 4,Area 4,13/10/2016,SURV,304
Area 4,Under bluffs,03/12/2005,SURV,305
Area 4,Under bluffs,10/10/2010,SURV,306
Area 4,Under bluffs,12/10/2000,SURV,307
Area 4,Under bluffs,13/10/2009,SURV,308
Area 4,Under bluffs,14/10/2008,SURV,309
Area 4,Under bluffs,17/10/2014,SURV,310
Area 4,Under bluffs,19/10/2013,SURV,311
Area 4,Under bluffs,26/10/2015,SURV,312
Area 4,Under bluffs,27/10/2003,SURV,313
Area 4,Under bluffs,31/10/2011,SURV,314
Area 5,Area 5,17/10/2016,SURV,315
Area 5,"Thin ridge between waterpipe stream and golden highway stream, up to highest point of ridge",02/11/2011,SURV,316
Area 5,"Thin ridge between waterpipe stream and golden highway stream, up to highest point of ridge",08/10/2010,SURV,317
Area 5,"Thin ridge between waterpipe stream and golden highway stream, up to highest point of ridge",13/10/2008,SURV,318
Area 5,"Thin ridge between waterpipe stream and golden highway stream, up to highest point of ridge",14/10/2009,SURV,319
Area 5,"Thin ridge between waterpipe stream and golden highway stream, up to highest point of ridge",16/10/2000,SURV,320
Area 5,"Thin ridge between waterpipe stream and golden highway stream, up to highest point of ridge",16/10/2014,SURV,321
Area 5,"Thin ridge between waterpipe stream and golden highway stream, up to highest point of ridge",17/11/2015,SURV,322
Area 5,"Thin ridge between waterpipe stream and golden highway stream, up to highest point of ridge",27/10/2015,SURV,323
Area 5,"Thin ridge between waterpipe stream and golden highway stream, up to highest point of ridge",28/10/2003,SURV,324
Area 5,"Thin ridge between waterpipe stream and golden highway stream, up to highest point of ridge",29/10/2013,SURV,325
Area 6,Area 6,30/10/2016,SURV,326
Area 6,"Area from where path leaves golden highway to crossing of next stream, bound on upper by where ridge joins main ridge (with large 20' high perched wind-carved rock, at upper edge of Phylica)",11/10/2010,SURV,327
Area 6,"Area from where path leaves golden highway to crossing of next stream, bound on upper by where ridge joins main ridge (with large 20' high perched wind-carved rock, at upper edge of Phylica)",13/10/2008,SURV,328
Area 6,"Area from where path leaves golden highway to crossing of next stream, bound on upper by where ridge joins main ridge (with large 20' high perched wind-carved rock, at upper edge of Phylica)",14/10/2009,SURV,329
Area 6,"Area from where path leaves golden highway to crossing of next stream, bound on upper by where ridge joins main ridge (with large 20' high perched wind-carved rock, at upper edge of Phylica)",17/11/2005,SURV,330
Area 6,"Area from where path leaves golden highway to crossing of next stream, bound on upper by where ridge joins main ridge (with large 20' high perched wind-carved rock, at upper edge of Phylica)",23/10/2014,SURV,331
Area 6,"Area from where path leaves golden highway to crossing of next stream, bound on upper by where ridge joins main ridge (with large 20' high perched wind-carved rock, at upper edge of Phylica)",24/10/2000,SURV,332
Area 6,"Area from where path leaves golden highway to crossing of next stream, bound on upper by where ridge joins main ridge (with large 20' high perched wind-carved rock, at upper edge of Phylica)",27/10/2011,SURV,333
Area 6,"Area from where path leaves golden highway to crossing of next stream, bound on upper by where ridge joins main ridge (with large 20' high perched wind-carved rock, at upper edge of Phylica)",27/10/2015,SURV,334
Area 6,"Area from where path leaves golden highway to crossing of next stream, bound on upper by where ridge joins main ridge (with large 20' high perched wind-carved rock, at upper edge of Phylica)",28/10/2003,SURV,335
Area 6,"Area from where path leaves golden highway to crossing of next stream, bound on upper by where ridge joins main ridge (with large 20' high perched wind-carved rock, at upper edge of Phylica)",29/10/2013,SURV,336
Area 7,Area 7,17/10/2016,SURV,337
Area 7,"Ridge on path up to tafelkop, from lower stream boundary and between streams (yellownose area 7)",01/04/2017,SURV,338
Area 7,"Ridge on path up to tafelkop, from lower stream boundary and between streams (yellownose area 7)",04/04/2013,SURV,339
Area 7,"Ridge on path up to tafelkop, from lower stream boundary and between streams (yellownose area 7)",05/01/2011,SURV,340
Area 7,"Ridge on path up to tafelkop, from lower stream boundary and between streams (yellownose area 7)",06/01/2012,SURV,341
Area 7,"Ridge on path up to tafelkop, from lower stream boundary and between streams (yellownose area 7)",08/04/2016,SURV,342
Area 7,"Ridge on path up to tafelkop, from lower stream boundary and between streams (yellownose area 7)",11/10/2010,SURV,343
Area 7,"Ridge on path up to tafelkop, from lower stream boundary and between streams (yellownose area 7)",13/10/2008,SURV,344
Area 7,"Ridge on path up to tafelkop, from lower stream boundary and between streams (yellownose area 7)",14/04/2011,SURV,345
Area 7,"Ridge on path up to tafelkop, from lower stream boundary and between streams (yellownose area 7)",17/04/2010,SURV,346
Area 7,"Ridge on path up to tafelkop, from lower stream boundary and between streams (yellownose area 7)",17/11/2005,SURV,347
Area 7,"Ridge on path up to tafelkop, from lower stream boundary and between streams (yellownose area 7)",18/12/2008,SURV,348
Area 7,"Ridge on path up to tafelkop, from lower stream boundary and between streams (yellownose area 7)",19/04/2014,SURV,349
Area 7,"Ridge on path up to tafelkop, from lower stream boundary and between streams (yellownose area 7)",19/11/2011,SURV,350
Area 7,"Ridge on path up to tafelkop, from lower stream boundary and between streams (yellownose area 7)",21/12/2013,SURV,351
Area 7,"Ridge on path up to tafelkop, from lower stream boundary and between streams (yellownose area 7)",22/12/2012,SURV,352
Area 7,"Ridge on path up to tafelkop, from lower stream boundary and between streams (yellownose area 7)",23/10/2014,SURV,353
Area 7,"Ridge on path up to tafelkop, from lower stream boundary and between streams (yellownose area 7)",24/03/2009,SURV,354
Area 7,"Ridge on path up to tafelkop, from lower stream boundary and between streams (yellownose area 7)",26/10/2012,SURV,355
Area 7,"Ridge on path up to tafelkop, from lower stream boundary and between streams (yellownose area 7)",26/12/2015,SURV,356
Area 7,"Ridge on path up to tafelkop, from lower stream boundary and between streams (yellownose area 7)",27/04/2012,SURV,357
Area 7,"Ridge on path up to tafelkop, from lower stream boundary and between streams (yellownose area 7)",27/10/2000,SURV,358
Area 7,"Ridge on path up to tafelkop, from lower stream boundary and between streams (yellownose area 7)",27/12/2016,SURV,359
Area 7,"Ridge on path up to tafelkop, from lower stream boundary and between streams (yellownose area 7)",28/10/2015,SURV,360
Area 7,"Ridge on path up to tafelkop, from lower stream boundary and between streams (yellownose area 7)",29/01/2010,SURV,361
Area 7,"Ridge on path up to tafelkop, from lower stream boundary and between streams (yellownose area 7)",29/10/2013,SURV,362
Area 7,"Ridge on path up to tafelkop, from lower stream boundary and between streams (yellownose area 7)",30/10/2009,SURV,363
Area 7,"Ridge on path up to tafelkop, from lower stream boundary and between streams (yellownose area 7)",30/10/2016,SURV,364
Area 7,"Ridge on path up to tafelkop, from lower stream boundary and between streams. Upper boundary by top of slip on true left of ridge, near where yellow nose cease to breed",11/10/2010,SURV,365
Area 7,"Ridge on path up to tafelkop, from lower stream boundary and between streams. Upper boundary by top of slip on true left of ridge, near where yellow nose cease to breed",13/10/2008,SURV,366
Area 7,"Ridge on path up to tafelkop, from lower stream boundary and between streams. Upper boundary by top of slip on true left of ridge, near where yellow nose cease to breed",14/10/2009,SURV,367
Area 7,"Ridge on path up to tafelkop, from lower stream boundary and between streams. Upper boundary by top of slip on true left of ridge, near where yellow nose cease to breed",18/10/2000,SURV,368
Area 7,"Ridge on path up to tafelkop, from lower stream boundary and between streams. Upper boundary by top of slip on true left of ridge, near where yellow nose cease to breed",19/11/2005,SURV,369
Area 7,"Ridge on path up to tafelkop, from lower stream boundary and between streams. Upper boundary by top of slip on true left of ridge, near where yellow nose cease to breed",23/10/2014,SURV,370
Area 7,"Ridge on path up to tafelkop, from lower stream boundary and between streams. Upper boundary by top of slip on true left of ridge, near where yellow nose cease to breed",25/10/2011,SURV,371
Area 7,"Ridge on path up to tafelkop, from lower stream boundary and between streams. Upper boundary by top of slip on true left of ridge, near where yellow nose cease to breed",27/10/2015,SURV,372
Area 7,"Ridge on path up to tafelkop, from lower stream boundary and between streams. Upper boundary by top of slip on true left of ridge, near where yellow nose cease to breed",28/10/2003,SURV,373
Area 7,"Ridge on path up to tafelkop, from lower stream boundary and between streams. Upper boundary by top of slip on true left of ridge, near where yellow nose cease to breed",29/10/2013,SURV,374
Area 7,Ridge to east of ridge up to Tafelkop (yellownose area 7),01/04/2017,SURV,375
Area 7,Ridge to east of ridge up to Tafelkop (yellownose area 7),03/11/2000,SURV,376
Area 7,Ridge to east of ridge up to Tafelkop (yellownose area 7),04/04/2013,SURV,377
Area 7,Ridge to east of ridge up to Tafelkop (yellownose area 7),05/01/2011,SURV,378
Area 7,Ridge to east of ridge up to Tafelkop (yellownose area 7),05/04/2015,SURV,379
Area 7,Ridge to east of ridge up to Tafelkop (yellownose area 7),06/01/2012,SURV,380
Area 7,Ridge to east of ridge up to Tafelkop (yellownose area 7),08/04/2016,SURV,381
Area 7,Ridge to east of ridge up to Tafelkop (yellownose area 7),11/10/2010,SURV,382
Area 7,Ridge to east of ridge up to Tafelkop (yellownose area 7),13/10/2008,SURV,383
Area 7,Ridge to east of ridge up to Tafelkop (yellownose area 7),14/04/2011,SURV,384
Area 7,Ridge to east of ridge up to Tafelkop (yellownose area 7),17/04/2010,SURV,385
Area 7,Ridge to east of ridge up to Tafelkop (yellownose area 7),18/12/2008,SURV,386
Area 7,Ridge to east of ridge up to Tafelkop (yellownose area 7),19/04/2014,SURV,387
Area 7,Ridge to east of ridge up to Tafelkop (yellownose area 7),19/11/2005,SURV,388
Area 7,Ridge to east of ridge up to Tafelkop (yellownose area 7),21/01/2001,SURV,389
Area 7,Ridge to east of ridge up to Tafelkop (yellownose area 7),21/12/2013,SURV,390
Area 7,Ridge to east of ridge up to Tafelkop (yellownose area 7),22/12/2012,SURV,391
Area 7,Ridge to east of ridge up to Tafelkop (yellownose area 7),23/10/2014,SURV,392
Area 7,Ridge to east of ridge up to Tafelkop (yellownose area 7),24/03/2009,SURV,393
Area 7,Ridge to east of ridge up to Tafelkop (yellownose area 7),25/10/2011,SURV,394
Area 7,Ridge to east of ridge up to Tafelkop (yellownose area 7),26/04/2012,SURV,395
Area 7,Ridge to east of ridge up to Tafelkop (yellownose area 7),26/10/2012,SURV,396
Area 7,Ridge to east of ridge up to Tafelkop (yellownose area 7),26/12/2014,SURV,397
Area 7,Ridge to east of ridge up to Tafelkop (yellownose area 7),26/12/2015,SURV,398
Area 7,Ridge to east of ridge up to Tafelkop (yellownose area 7),27/12/2016,SURV,399
Area 7,Ridge to east of ridge up to Tafelkop (yellownose area 7),28/10/2015,SURV,400
Area 7,Ridge to east of ridge up to Tafelkop (yellownose area 7),28/12/2009,SURV,401
Area 7,Ridge to east of ridge up to Tafelkop (yellownose area 7),29/10/2013,SURV,402
Area 7,Ridge to east of ridge up to Tafelkop (yellownose area 7),30/10/2009,SURV,403
Area 7,Ridge to east of ridge up to Tafelkop (yellownose area 7),30/10/2016,SURV,404
Area 8,Area 8,13/10/2016,SURV,405
Area 9,Area 9,28/10/2016,SURV,406
Area 9,"Serengeti: Area to south and east of Pummel crag, bounded on southern side by stream to waterfall above Haularound point, on north by small stream that starts to south of Pummel, top is where these two stream nearly meet",01/11/2003,SURV,407
Area 9,"Serengeti: Area to south and east of Pummel crag, bounded on southern side by stream to waterfall above Haularound point, on north by small stream that starts to south of Pummel, top is where these two stream nearly meet",05/12/2005,SURV,408
Area 9,"Serengeti: Area to south and east of Pummel crag, bounded on southern side by stream to waterfall above Haularound point, on north by small stream that starts to south of Pummel, top is where these two stream nearly meet",10/10/2010,SURV,409
Area 9,"Serengeti: Area to south and east of Pummel crag, bounded on southern side by stream to waterfall above Haularound point, on north by small stream that starts to south of Pummel, top is where these two stream nearly meet",13/10/2008,SURV,410
Area 9,"Serengeti: Area to south and east of Pummel crag, bounded on southern side by stream to waterfall above Haularound point, on north by small stream that starts to south of Pummel, top is where these two stream nearly meet",15/10/2009,SURV,411
Area 9,"Serengeti: Area to south and east of Pummel crag, bounded on southern side by stream to waterfall above Haularound point, on north by small stream that starts to south of Pummel, top is where these two stream nearly meet",25/10/2014,SURV,412
Area 9,"Serengeti: Area to south and east of Pummel crag, bounded on southern side by stream to waterfall above Haularound point, on north by small stream that starts to south of Pummel, top is where these two stream nearly meet",28/10/2000,SURV,413
Area 9,"Serengeti: Area to south and east of Pummel crag, bounded on southern side by stream to waterfall above Haularound point, on north by small stream that starts to south of Pummel, top is where these two stream nearly meet",28/10/2011,SURV,414
Area 9,"Serengeti: Area to south and east of Pummel crag, bounded on southern side by stream to waterfall above Haularound point, on north by small stream that starts to south of Pummel, top is where these two stream nearly meet",29/10/2013,SURV,415
Area 9,"Serengeti: Area to south and east of Pummel crag, bounded on southern side by stream to waterfall above Haularound point, on north by small stream that starts to south of Pummel, top is where these two stream nearly meet",31/10/2015,SURV,416
Area to south of Cavern head,Area to south of Cavern head,05/04/2017,SURV,417
Area to south of Cavern head,Area to south of Cavern head,08/04/2016,SURV,418
Area to south of Cavern head,Area to south of Cavern head,08/11/2000,SURV,419
Area to south of Cavern head,Area to south of Cavern head,11/10/2010,SURV,420
Area to south of Cavern head,Area to south of Cavern head,12/04/2011,SURV,421
Area to south of Cavern head,Area to south of Cavern head,14/10/2008,SURV,422
Area to south of Cavern head,Area to south of Cavern head,14/10/2009,SURV,423
Area to south of Cavern head,Area to south of Cavern head,17/10/2005,SURV,424
Area to south of Cavern head,Area to south of Cavern head,17/10/2013,SURV,425
Area to south of Cavern head,Area to south of Cavern head,20/10/2012,SURV,426
Area to south of Cavern head,Area to south of Cavern head,22/10/2014,SURV,427
Area to south of Cavern head,Area to south of Cavern head,24/10/2016,SURV,428
Area to south of Cavern head,Area to south of Cavern head,26/12/2015,SURV,429
Area to south of Cavern head,Area to south of Cavern head,27/12/2016,SURV,430
Area to south of Cavern head,Area to south of Cavern head,28/10/2015,SURV,431
Area to south of Cavern head,Area to south of Cavern head,30/10/2011,SURV,432
Area to south of Cavern head,Beach around point to south of Cavern Head,27/10/2009,COLO,433
Area to south of Cavern head,Beach to south of Cavern Head,17/10/2005,COLO,434
Area to south of Cavern head,Beach to south of Cavern Head,21/10/2008,COLO,435
Area to south of Cavern head,Beach to south of Cavern Head,27/10/2009,COLO,436
Area to south of Cavern head,Cavern head,08/11/2000,SURV,437
Area to south of Cavern head,Cavern head,11/10/2010,SURV,438
Area to south of Cavern head,Cavern head,14/10/2008,SURV,439
Area to south of Cavern head,Cavern head,17/10/2005,SURV,440
Area to south of Cavern head,Cavern head,17/10/2009,SURV,441
Area to south of Cavern head,Cavern head,17/10/2013,SURV,442
Area to south of Cavern head,Cavern head,22/10/2014,SURV,443
Area to south of Cavern head,Cavern head,28/10/2015,SURV,444
Area to south of Cavern head,Cavern head,30/10/2003,SURV,445
Area to south of Cavern head,Cavern head,30/10/2011,SURV,446
Area to south of Cavern head,Cavern Head (beach south of),08/11/2000,COLO,447
Area to south of Cavern head,Cavern Head (beach south of),no specified date,COLO,448
Cavern Head,East of South Point bay towards Cavern Head,21/10/2008,COLO,449
Cavern Head,East of South Point bay towards Cavern Head,27/10/2009,COLO,450
Cavern Head,East of South Point in first bay,21/10/2008,COLO,451
Cavern Head,East of South Point in first bay,27/10/2009,COLO,452
Cavern Head,East of South Point in second colony eastwards,21/10/2008,COLO,453
Cavern Head,East of South Point in second colony eastwards,27/10/2009,COLO,454
Cavern Head,East of South Point on spiky point,21/10/2008,COLO,455
Cavern Head,East of South Point on spiky point,27/10/2009,COLO,456
Cliff at Seal Beach either side of rope,Cliff at Seal Beach either side of rope,01/04/2013,SURV,457
Cliff at Seal Beach either side of rope,Cliff at Seal Beach either side of rope,03/01/2012,SURV,458
Cliff at Seal Beach either side of rope,Cliff at Seal Beach either side of rope,04/01/2011,SURV,459
Cliff at Seal Beach either side of rope,Cliff at Seal Beach either side of rope,05/04/2017,SURV,460
Cliff at Seal Beach either side of rope,Cliff at Seal Beach either side of rope,07/04/2015,SURV,461
Cliff at Seal Beach either side of rope,Cliff at Seal Beach either side of rope,08/04/2016,SURV,462
Cliff at Seal Beach either side of rope,Cliff at Seal Beach either side of rope,08/10/2010,SURV,463
Cliff at Seal Beach either side of rope,Cliff at Seal Beach either side of rope,12/04/2011,SURV,464
Cliff at Seal Beach either side of rope,Cliff at Seal Beach either side of rope,14/10/2014,SURV,465
Cliff at Seal Beach either side of rope,Cliff at Seal Beach either side of rope,15/10/2012,SURV,466
Cliff at Seal Beach either side of rope,Cliff at Seal Beach either side of rope,18/12/2013,SURV,467
Cliff at Seal Beach either side of rope,Cliff at Seal Beach either side of rope,19/10/2013,SURV,468
Cliff at Seal Beach either side of rope,Cliff at Seal Beach either side of rope,20/12/2012,SURV,469
Cliff at Seal Beach either side of rope,Cliff at Seal Beach either side of rope,21/04/2012,SURV,470
Cliff at Seal Beach either side of rope,Cliff at Seal Beach either side of rope,21/12/2014,SURV,471
Cliff at Seal Beach either side of rope,Cliff at Seal Beach either side of rope,23/10/2015,SURV,472
Cliff at Seal Beach either side of rope,Cliff at Seal Beach either side of rope,23/10/2016,SURV,473
Cliff at Seal Beach either side of rope,Cliff at Seal Beach either side of rope,24/10/2011,SURV,474
Cliff at Seal Beach either side of rope,Cliff at Seal Beach either side of rope,24/12/2016,SURV,475
Cliff at Seal Beach either side of rope,Cliff at Seal Beach either side of rope,26/04/2014,SURV,476
Cliff at Seal Beach either side of rope,Cliff at Seal Beach either side of rope,26/12/2015,SURV,477
Cliff to north of Admirals penguin colony,Cliff to north above Admirals penguin colony (lagoon),15/10/2011,SURV,478
Cliff to north of Admirals penguin colony,Cliff to north of Admirals penguin colony,02/04/2015,SURV,479
Cliff to north of Admirals penguin colony,Cliff to north of Admirals penguin colony,03/11/2013,SURV,480
Cliff to north of Admirals penguin colony,Cliff to north of Admirals penguin colony,04/04/2017,SURV,481
Cliff to north of Admirals penguin colony,Cliff to north of Admirals penguin colony,05/11/2015,SURV,482
Cliff to north of Admirals penguin colony,Cliff to north of Admirals penguin colony,07/01/2017,SURV,483
Cliff to north of Admirals penguin colony,Cliff to north of Admirals penguin colony,13/04/2011,SURV,484
Cliff to north of Admirals penguin colony,Cliff to north of Admirals penguin colony,13/10/2010,SURV,485
Cliff to north of Admirals penguin colony,Cliff to north of Admirals penguin colony,15/10/2011,SURV,486
Cliff to north of Admirals penguin colony,Cliff to north of Admirals penguin colony,18/10/2012,SURV,487
Cliff to north of Admirals penguin colony,Cliff to north of Admirals penguin colony,19/09/2004,SURV,488
Cliff to north of Admirals penguin colony,Cliff to north of Admirals penguin colony,19/10/2005,SURV,489
Cliff to north of Admirals penguin colony,Cliff to north of Admirals penguin colony,19/12/2013,SURV,490
Cliff to north of Admirals penguin colony,Cliff to north of Admirals penguin colony,20/10/2008,SURV,491
Cliff to north of Admirals penguin colony,Cliff to north of Admirals penguin colony,25/04/2014,SURV,492
Cliff to north of Admirals penguin colony,Cliff to north of Admirals penguin colony,26/10/2000,SURV,493
Cliff to north of Admirals penguin colony,Cliff to north of Admirals penguin colony,26/10/2009,SURV,494
Cliff to north of Admirals penguin colony,Cliff to north of Admirals penguin colony,26/10/2014,SURV,495
Cliff to north of Admirals penguin colony,Cliff to north of Admirals penguin colony,26/10/2016,SURV,496
Cliff to north of Admirals penguin colony,Cliff to north of Admirals penguin colony,27/12/2014,SURV,497
Cliff to northwest of vertical waterfall above Hau,Cliff to northwest of vertical waterfall above Haulround point,05/12/2005,SURV,498
Cliff to northwest of vertical waterfall above Hau,Cliff to northwest of vertical waterfall above Haulround point,10/10/2010,SURV,499
Cliff to northwest of vertical waterfall above Hau,Cliff to northwest of vertical waterfall above Haulround point,13/10/2008,SURV,500
Cliff to northwest of vertical waterfall above Hau,Cliff to northwest of vertical waterfall above Haulround point,14/04/2011,SURV,501
Cliff to northwest of vertical waterfall above Hau,Cliff to northwest of vertical waterfall above Haulround point,16/10/2000,SURV,502
Cliff to northwest of vertical waterfall above Hau,Cliff to northwest of vertical waterfall above Haulround point,19/10/2012,SURV,503
Cliff to northwest of vertical waterfall above Hau,Cliff to northwest of vertical waterfall above Haulround point,25/10/2014,SURV,504
Cliff to northwest of vertical waterfall above Hau,Cliff to northwest of vertical waterfall above Haulround point,28/10/2011,SURV,505
Cliff to northwest of vertical waterfall above Hau,Cliff to northwest of vertical waterfall above Haulround point,28/10/2016,SURV,506
Cliff to northwest of vertical waterfall above Hau,Cliff to northwest of vertical waterfall above Haulround point,29/10/2013,SURV,507
Cliff to northwest of vertical waterfall above Hau,Cliff to northwest of vertical waterfall above Haulround point,30/10/2009,SURV,508
Cliff to northwest of vertical waterfall above Hau,Cliff to northwest of vertical waterfall above Haulround point,no specified date,SURV,509
Cliff to northwest of vertical waterfall above Hau,Houlround pt,13/10/2008,COLO,510
Cliff to south of crane point,Cliff to south of crane point,03/04/2015,SURV,511
Cliff to south of crane point,Cliff to south of crane point,04/01/2011,SURV,512
Cliff to south of crane point,Cliff to south of crane point,05/01/2012,SURV,513
Cliff to south of crane point,Cliff to south of crane point,05/04/2010,SURV,514
Cliff to south of crane point,Cliff to south of crane point,05/04/2017,SURV,515
Cliff to south of crane point,Cliff to south of crane point,08/04/2016,SURV,516
Cliff to south of crane point,Cliff to south of crane point,10/10/2010,SURV,517
Cliff to south of crane point,Cliff to south of crane point,12/04/2011,SURV,518
Cliff to south of crane point,Cliff to south of crane point,12/10/2005,SURV,519
Cliff to south of crane point,Cliff to south of crane point,13/10/2000,SURV,520
Cliff to south of crane point,Cliff to south of crane point,14/10/2014,SURV,521
Cliff to south of crane point,Cliff to south of crane point,14/11/2011,SURV,522
Cliff to south of crane point,Cliff to south of crane point,15/10/2008,SURV,523
Cliff to south of crane point,Cliff to south of crane point,15/10/2012,SURV,524
Cliff to south of crane point,Cliff to south of crane point,17/04/2012,SURV,525
Cliff to south of crane point,Cliff to south of crane point,18/12/2008,SURV,526
Cliff to south of crane point,Cliff to south of crane point,18/12/2012,SURV,527
Cliff to south of crane point,Cliff to south of crane point,19/10/2009,SURV,528
Cliff to south of crane point,Cliff to south of crane point,19/10/2013,SURV,529
Cliff to south of crane point,Cliff to south of crane point,19/10/2016,SURV,530
Cliff to south of crane point,Cliff to south of crane point,19/12/2013,SURV,531
Cliff to south of crane point,Cliff to south of crane point,20/09/2004,SURV,532
Cliff to south of crane point,Cliff to south of crane point,21/12/2014,SURV,533
Cliff to south of crane point,Cliff to south of crane point,24/12/2016,SURV,534
Cliff to south of crane point,Cliff to south of crane point,25/04/2014,SURV,535
Cliff to south of crane point,Cliff to south of crane point,30/03/2009,SURV,536
Cliff to south of crane point,Cliff to south of crane point,30/12/2009,SURV,537
Cliff to south of crane point,Cliff to south of crane point,31/03/2013,SURV,538
Cliff to south of crane point,Cliff to south of crane point,no specified date,SURV,539
Cliff to south of view point in Snoek Gat (where c,Cliff to south of view point in Snoek Gat (where crowd of birds are),02/04/2015,SURV,540
Cliff to south of view point in Snoek Gat (where c,Cliff to south of view point in Snoek Gat (where crowd of birds are),03/11/2013,SURV,541
Cliff to south of view point in Snoek Gat (where c,Cliff to south of view point in Snoek Gat (where crowd of birds are),06/11/2015,SURV,542
Cliff to south of view point in Snoek Gat (where c,Cliff to south of view point in Snoek Gat (where crowd of birds are),13/04/2011,SURV,543
Cliff to south of view point in Snoek Gat (where c,Cliff to south of view point in Snoek Gat (where crowd of birds are),14/01/2011,SURV,544
Cliff to south of view point in Snoek Gat (where c,Cliff to south of view point in Snoek Gat (where crowd of birds are),14/10/2010,SURV,545
Cliff to south of view point in Snoek Gat (where c,Cliff to south of view point in Snoek Gat (where crowd of birds are),17/04/2010,SURV,546
Cliff to south of view point in Snoek Gat (where c,Cliff to south of view point in Snoek Gat (where crowd of birds are),17/10/2014,SURV,547
Cliff to south of view point in Snoek Gat (where c,Cliff to south of view point in Snoek Gat (where crowd of birds are),17/12/2008,SURV,548
Cliff to south of view point in Snoek Gat (where c,Cliff to south of view point in Snoek Gat (where crowd of birds are),18/10/2012,SURV,549
Cliff to south of view point in Snoek Gat (where c,Cliff to south of view point in Snoek Gat (where crowd of birds are),18/12/2012,SURV,550
Cliff to south of view point in Snoek Gat (where c,Cliff to south of view point in Snoek Gat (where crowd of birds are),19/10/2009,SURV,551
Cliff to south of view point in Snoek Gat (where c,Cliff to south of view point in Snoek Gat (where crowd of birds are),19/12/2013,SURV,552
Cliff to south of view point in Snoek Gat (where c,Cliff to south of view point in Snoek Gat (where crowd of birds are),20/10/2008,SURV,553
Cliff to south of view point in Snoek Gat (where c,Cliff to south of view point in Snoek Gat (where crowd of birds are),25/04/2014,SURV,554
Cliff to south of view point in Snoek Gat (where c,Cliff to south of view point in Snoek Gat (where crowd of birds are),25/10/2016,SURV,555
Cliff to south of view point in Snoek Gat (where c,Cliff to south of view point in Snoek Gat (where crowd of birds are),26/10/2011,SURV,556
Cliff to south of view point in Snoek Gat (where c,Cliff to south of view point in Snoek Gat (where crowd of birds are),26/12/2015,SURV,557
Cliff to south of view point in Snoek Gat (where c,Cliff to south of view point in Snoek Gat (where crowd of birds are),27/03/2017,SURV,558
Cliff to south of view point in Snoek Gat (where c,Cliff to south of view point in Snoek Gat (where crowd of birds are),27/12/2009,SURV,559
Cliff to south of view point in Snoek Gat (where c,Cliff to south of view point in Snoek Gat (where crowd of birds are),27/12/2014,SURV,560
Cliff to south of view point in Snoek Gat (where c,Cliff to south of view point in Snoek Gat (where crowd of birds are),28/03/2009,SURV,561
Cliff to south of view point in Snoek Gat (where c,Cliff to south of view point in Snoek Gat (where crowd of birds are),28/12/2016,SURV,562
Cliff to south of view point in Snoek Gat (where c,Cliff to south of view point in Snoek Gat (where crowd of birds are),31/03/2013,SURV,563
Cliffs at Seal Beach above main penguin colonies,Cliffs at Seal Beach above main penguin colonies,05/01/2012,SURV,564
Cliffs at Seal Beach above main penguin colonies,Cliffs at Seal Beach above main penguin colonies,05/04/2017,SURV,565
Cliffs at Seal Beach above main penguin colonies,Cliffs at Seal Beach above main penguin colonies,07/04/2015,SURV,566
Cliffs at Seal Beach above main penguin colonies,Cliffs at Seal Beach above main penguin colonies,08/04/2016,SURV,567
Cliffs at Seal Beach above main penguin colonies,Cliffs at Seal Beach above main penguin colonies,12/04/2011,SURV,568
Cliffs at Seal Beach above main penguin colonies,Cliffs at Seal Beach above main penguin colonies,14/01/2011,SURV,569
Cliffs at Seal Beach above main penguin colonies,Cliffs at Seal Beach above main penguin colonies,14/10/2014,SURV,570
Cliffs at Seal Beach above main penguin colonies,Cliffs at Seal Beach above main penguin colonies,15/10/2010,SURV,571
Cliffs at Seal Beach above main penguin colonies,Cliffs at Seal Beach above main penguin colonies,15/10/2011,SURV,572
Cliffs at Seal Beach above main penguin colonies,Cliffs at Seal Beach above main penguin colonies,15/10/2012,SURV,573
Cliffs at Seal Beach above main penguin colonies,Cliffs at Seal Beach above main penguin colonies,18/12/2013,SURV,574
Cliffs at Seal Beach above main penguin colonies,Cliffs at Seal Beach above main penguin colonies,19/10/2013,SURV,575
Cliffs at Seal Beach above main penguin colonies,Cliffs at Seal Beach above main penguin colonies,19/10/2016,SURV,576
Cliffs at Seal Beach above main penguin colonies,Cliffs at Seal Beach above main penguin colonies,21/12/2014,SURV,577
Cliffs at Seal Beach above main penguin colonies,Cliffs at Seal Beach above main penguin colonies,22/04/2012,SURV,578
Cliffs at Seal Beach above main penguin colonies,Cliffs at Seal Beach above main penguin colonies,23/10/2015,SURV,579
Cliffs at Seal Beach above main penguin colonies,Cliffs at Seal Beach above main penguin colonies,23/12/2012,SURV,580
Cliffs at Seal Beach above main penguin colonies,Cliffs at Seal Beach above main penguin colonies,24/12/2016,SURV,581
Cliffs at Seal Beach above main penguin colonies,Cliffs at Seal Beach above main penguin colonies,26/04/2014,SURV,582
Cliffs at Seal Beach above main penguin colonies,Cliffs at Seal Beach above main penguin colonies,26/12/2015,SURV,583
Cliffs at Seal Beach above main penguin colonies,Cliffs at Seal Beach above main penguin colonies,31/03/2013,SURV,584
Cliffs to north and east of crane (from below cran,Cliffs to north and east of crane,15/10/2000,SURV,585
Cliffs to north and east of crane (from below cran,Cliffs to north and east of crane,19/10/2005,SURV,586
Cliffs to north and east of crane (from below cran,Cliffs to north and east of crane,20/09/2004,SURV,587
Cliffs to north and east of crane (from below cran,Cliffs to north and east of crane,no specified date,SURV,588
Cliffs to north and east of crane (from below cran,Cliffs to north and east of crane (from below crane around to diesel pumping) Search on FOOT,03/04/2015,SURV,589
Cliffs to north and east of crane (from below cran,Cliffs to north and east of crane (from below crane around to diesel pumping) Search on FOOT,03/11/2013,SURV,590
Cliffs to north and east of crane (from below cran,Cliffs to north and east of crane (from below crane around to diesel pumping) Search on FOOT,04/01/2011,SURV,591
Cliffs to north and east of crane (from below cran,Cliffs to north and east of crane (from below crane around to diesel pumping) Search on FOOT,05/04/2017,SURV,592
Cliffs to north and east of crane (from below cran,Cliffs to north and east of crane (from below crane around to diesel pumping) Search on FOOT,08/04/2016,SURV,593
Cliffs to north and east of crane (from below cran,Cliffs to north and east of crane (from below crane around to diesel pumping) Search on FOOT,10/10/2010,SURV,594
Cliffs to north and east of crane (from below cran,Cliffs to north and east of crane (from below crane around to diesel pumping) Search on FOOT,13/04/2011,SURV,595
Cliffs to north and east of crane (from below cran,Cliffs to north and east of crane (from below crane around to diesel pumping) Search on FOOT,15/10/2008,SURV,596
Cliffs to north and east of crane (from below cran,Cliffs to north and east of crane (from below crane around to diesel pumping) Search on FOOT,15/10/2014,SURV,597
Cliffs to north and east of crane (from below cran,Cliffs to north and east of crane (from below crane around to diesel pumping) Search on FOOT,17/04/2010,SURV,598
Cliffs to north and east of crane (from below cran,Cliffs to north and east of crane (from below crane around to diesel pumping) Search on FOOT,18/12/2012,SURV,599
Cliffs to north and east of crane (from below cran,Cliffs to north and east of crane (from below crane around to diesel pumping) Search on FOOT,19/10/2009,SURV,600
Cliffs to north and east of crane (from below cran,Cliffs to north and east of crane (from below crane around to diesel pumping) Search on FOOT,19/10/2012,SURV,601
Cliffs to north and east of crane (from below cran,Cliffs to north and east of crane (from below crane around to diesel pumping) Search on FOOT,19/12/2013,SURV,602
Cliffs to north and east of crane (from below cran,Cliffs to north and east of crane (from below crane around to diesel pumping) Search on FOOT,22/12/2008,SURV,603
Cliffs to north and east of crane (from below cran,Cliffs to north and east of crane (from below crane around to diesel pumping) Search on FOOT,24/10/2016,SURV,604
Cliffs to north and east of crane (from below cran,Cliffs to north and east of crane (from below crane around to diesel pumping) Search on FOOT,24/12/2016,SURV,605
Cliffs to north and east of crane (from below cran,Cliffs to north and east of crane (from below crane around to diesel pumping) Search on FOOT,25/04/2014,SURV,606
Cliffs to north and east of crane (from below cran,Cliffs to north and east of crane (from below crane around to diesel pumping) Search on FOOT,26/12/2015,SURV,607
Cliffs to north and east of crane (from below cran,Cliffs to north and east of crane (from below crane around to diesel pumping) Search on FOOT,28/01/2010,SURV,608
Cliffs to north and east of crane (from below cran,Cliffs to north and east of crane (from below crane around to diesel pumping) Search on FOOT,29/12/2014,SURV,609
Cliffs to north and east of crane (from below cran,Cliffs to north and east of crane (from below crane around to diesel pumping) Search on FOOT,30/03/2009,SURV,610
Cliffs to north and east of crane (from below cran,Cliffs to north and east of crane (from below crane around to diesel pumping) Search on FOOT,31/03/2013,SURV,611
Cliffs to north and east of crane (from below cran,Cliffs to north and east of crane (from below crane around to diesel pumping) Search on FOOT,no specified date,SURV,612
Cliffs to the north of Tumbledown beach,Cliffs to the north of Tumbledown beach,01/04/2013,SURV,613
Cliffs to the north of Tumbledown beach,Cliffs to the north of Tumbledown beach,03/01/2012,SURV,614
Cliffs to the north of Tumbledown beach,Cliffs to the north of Tumbledown beach,03/04/2009,SURV,615
Cliffs to the north of Tumbledown beach,Cliffs to the north of Tumbledown beach,04/01/2011,SURV,616
Cliffs to the north of Tumbledown beach,Cliffs to the north of Tumbledown beach,05/04/2017,SURV,617
Cliffs to the north of Tumbledown beach,Cliffs to the north of Tumbledown beach,07/04/2015,SURV,618
Cliffs to the north of Tumbledown beach,Cliffs to the north of Tumbledown beach,08/04/2016,SURV,619
Cliffs to the north of Tumbledown beach,Cliffs to the north of Tumbledown beach,08/10/2010,SURV,620
Cliffs to the north of Tumbledown beach,Cliffs to the north of Tumbledown beach,12/04/2011,SURV,621
Cliffs to the north of Tumbledown beach,Cliffs to the north of Tumbledown beach,13/10/2000,SURV,622
Cliffs to the north of Tumbledown beach,Cliffs to the north of Tumbledown beach,14/10/2008,SURV,623
Cliffs to the north of Tumbledown beach,Cliffs to the north of Tumbledown beach,14/10/2014,SURV,624
Cliffs to the north of Tumbledown beach,Cliffs to the north of Tumbledown beach,15/10/2012,SURV,625
Cliffs to the north of Tumbledown beach,Cliffs to the north of Tumbledown beach,17/10/2005,SURV,626
Cliffs to the north of Tumbledown beach,Cliffs to the north of Tumbledown beach,17/10/2009,SURV,627
Cliffs to the north of Tumbledown beach,Cliffs to the north of Tumbledown beach,17/10/2013,SURV,628
Cliffs to the north of Tumbledown beach,Cliffs to the north of Tumbledown beach,18/12/2012,SURV,629
Cliffs to the north of Tumbledown beach,Cliffs to the north of Tumbledown beach,18/12/2013,SURV,630
Cliffs to the north of Tumbledown beach,Cliffs to the north of Tumbledown beach,20/09/2004,SURV,631
Cliffs to the north of Tumbledown beach,Cliffs to the north of Tumbledown beach,21/04/2012,SURV,632
Cliffs to the north of Tumbledown beach,Cliffs to the north of Tumbledown beach,21/12/2014,SURV,633
Cliffs to the north of Tumbledown beach,Cliffs to the north of Tumbledown beach,22/03/2001,SURV,634
Cliffs to the north of Tumbledown beach,Cliffs to the north of Tumbledown beach,22/10/2011,SURV,635
Cliffs to the north of Tumbledown beach,Cliffs to the north of Tumbledown beach,22/12/2008,SURV,636
Cliffs to the north of Tumbledown beach,Cliffs to the north of Tumbledown beach,23/10/2016,SURV,637
Cliffs to the north of Tumbledown beach,Cliffs to the north of Tumbledown beach,24/12/2016,SURV,638
Cliffs to the north of Tumbledown beach,Cliffs to the north of Tumbledown beach,26/04/2014,SURV,639
Cliffs to the north of Tumbledown beach,Cliffs to the north of Tumbledown beach,26/12/2015,SURV,640
Cliffs to the north of Tumbledown beach,Cliffs to the north of Tumbledown beach,27/12/2009,SURV,641
Cliffs to the north of Tumbledown beach,Cliffs to the north of Tumbledown beach,no specified date,SURV,642
Cliffs to the south of point at Tumbledown,Cliffs to the south of point at Tumbledown,01/04/2013,SURV,643
Cliffs to the south of point at Tumbledown,Cliffs to the south of point at Tumbledown,03/01/2012,SURV,644
Cliffs to the south of point at Tumbledown,Cliffs to the south of point at Tumbledown,03/04/2009,SURV,645
Cliffs to the south of point at Tumbledown,Cliffs to the south of point at Tumbledown,04/01/2011,SURV,646
Cliffs to the south of point at Tumbledown,Cliffs to the south of point at Tumbledown,05/04/2017,SURV,647
Cliffs to the south of point at Tumbledown,Cliffs to the south of point at Tumbledown,07/04/2015,SURV,648
Cliffs to the south of point at Tumbledown,Cliffs to the south of point at Tumbledown,08/04/2016,SURV,649
Cliffs to the south of point at Tumbledown,Cliffs to the south of point at Tumbledown,08/10/2010,SURV,650
Cliffs to the south of point at Tumbledown,Cliffs to the south of point at Tumbledown,12/04/2011,SURV,651
Cliffs to the south of point at Tumbledown,Cliffs to the south of point at Tumbledown,13/10/2000,SURV,652
Cliffs to the south of point at Tumbledown,Cliffs to the south of point at Tumbledown,14/10/2008,SURV,653
Cliffs to the south of point at Tumbledown,Cliffs to the south of point at Tumbledown,14/10/2014,SURV,654
Cliffs to the south of point at Tumbledown,Cliffs to the south of point at Tumbledown,15/10/2012,SURV,655
Cliffs to the south of point at Tumbledown,Cliffs to the south of point at Tumbledown,17/10/2005,SURV,656
Cliffs to the south of point at Tumbledown,Cliffs to the south of point at Tumbledown,17/10/2009,SURV,657
Cliffs to the south of point at Tumbledown,Cliffs to the south of point at Tumbledown,17/10/2013,SURV,658
Cliffs to the south of point at Tumbledown,Cliffs to the south of point at Tumbledown,18/12/2012,SURV,659
Cliffs to the south of point at Tumbledown,Cliffs to the south of point at Tumbledown,18/12/2013,SURV,660
Cliffs to the south of point at Tumbledown,Cliffs to the south of point at Tumbledown,19/10/2016,SURV,661
Cliffs to the south of point at Tumbledown,Cliffs to the south of point at Tumbledown,20/09/2004,SURV,662
Cliffs to the south of point at Tumbledown,Cliffs to the south of point at Tumbledown,21/04/2012,SURV,663
Cliffs to the south of point at Tumbledown,Cliffs to the south of point at Tumbledown,21/12/2014,SURV,664
Cliffs to the south of point at Tumbledown,Cliffs to the south of point at Tumbledown,22/03/2001,SURV,665
Cliffs to the south of point at Tumbledown,Cliffs to the south of point at Tumbledown,22/10/2011,SURV,666
Cliffs to the south of point at Tumbledown,Cliffs to the south of point at Tumbledown,22/12/2008,SURV,667
Cliffs to the south of point at Tumbledown,Cliffs to the south of point at Tumbledown,24/12/2016,SURV,668
Cliffs to the south of point at Tumbledown,Cliffs to the south of point at Tumbledown,26/04/2014,SURV,669
Cliffs to the south of point at Tumbledown,Cliffs to the south of point at Tumbledown,26/12/2015,SURV,670
Cliffs to the south of point at Tumbledown,Cliffs to the south of point at Tumbledown,27/12/2009,SURV,671
Cliffs to the south of point at Tumbledown,Cliffs to the south of point at Tumbledown,no specified date,SURV,672
False Peak,False Peak,01/02/2016,SURV,673
False Peak,False Peak,06/10/2016,SURV,674
False Peak,False Peak,10/09/2010,SURV,675
False Peak,False Peak,14/02/2010,SURV,676
False Peak,False Peak,17/09/2015,SURV,677
False Peak,False Peak,20/09/2009,SURV,678
False Peak,False Peak,23/09/2017,SURV,679
False Peak,False Peak,26/01/2015,SURV,680
False Peak,False Peak,31/01/2009,SURV,681
False Peak,False Peak,no specified date,SURV,682
Gonydale,Gonydale,01/09/2016,SURV,683
Gonydale,Gonydale,09/02/2016,SURV,684
Gonydale,Gonydale,19/02/2010,SURV,685
Gonydale,Gonydale,20/09/2009,SURV,686
Gonydale,Gonydale,21/08/2017,SURV,687
Gonydale,Gonydale,22/09/2015,SURV,688
Gonydale,Gonydale,23/01/2015,SURV,689
Gonydale,Gonydale,24/01/2009,SURV,690
Gonydale,Gonydale,26/01/2017,SURV,691
Gonydale,Gonydale,27/01/2011,SURV,692
Gonydale,Gonydale,no specified date,SURV,693
GP Valley,G.P. Valley,01/02/2016,SURV,694
GP Valley,G.P. Valley,06/10/2016,SURV,695
GP Valley,G.P. Valley,10/09/2010,SURV,696
GP Valley,G.P. Valley,14/02/2010,SURV,697
GP Valley,G.P. Valley,20/09/2009,SURV,698
GP Valley,G.P. Valley,23/09/2017,SURV,699
GP Valley,G.P. Valley,26/01/2015,SURV,700
GP Valley,G.P. Valley,26/09/2015,SURV,701
GP Valley,G.P. Valley,31/01/2009,SURV,702
GP Valley,G.P. Valley,31/01/2017,SURV,703
GP Valley,G.P. Valley,no specified date,SURV,704
GP Valley,GP Plain,10/09/2010,COLO,705
GP Valley,GP Plain,14/09/2009,COLO,706
GP Valley,GP Plain,31/01/2009,COLO,707
GP Valley,West Point + G.P. Valley,no specified date,SURV,708
Green Hill North,Green Hill North,10/02/2016,SURV,709
Green Hill North,Green Hill North,10/09/2010,SURV,710
Green Hill North,Green Hill North,19/02/2010,SURV,711
Green Hill North,Green Hill North,20/09/2009,SURV,712
Green Hill North,Green Hill North,20/09/2016,SURV,713
Green Hill North,Green Hill North,21/09/2017,SURV,714
Green Hill North,Green Hill North,30/01/2009,SURV,715
Green Hill North,Green Hill North,no specified date,SURV,716
Green Hill South,Green Hill,02/02/2015,SURV,717
Green Hill South,Green Hill,22/09/2015,SURV,718
Green Hill South,Green Hill,no specified date,SURV,719
Green Hill South,Green Hill & Gonydale & Hummocks,no specified date,SURV,720
Green Hill South,Green Hill South,02/02/2017,SURV,721
Green Hill South,Green Hill South,10/02/2016,SURV,722
Green Hill South,Green Hill South,10/09/2010,SURV,723
Green Hill South,Green Hill South,19/02/2010,SURV,724
Green Hill South,Green Hill South,20/09/2009,SURV,725
Green Hill South,Green Hill South,20/09/2016,SURV,726
Green Hill South,Green Hill South,28/09/2017,SURV,727
Green Hill South,Green Hill South,30/01/2009,SURV,728
Green Hill South,Green Hill South,no specified date,SURV,729
Hummocks,Gonydale path-Hummocks,10/06/2009,COLO,730
Hummocks,Gonydale path-Hummocks,27/05/2009,COLO,731
Hummocks,Hummocks,02/02/2015,SURV,732
Hummocks,Hummocks,02/02/2017,SURV,733
Hummocks,Hummocks,10/02/2016,SURV,734
Hummocks,Hummocks,19/02/2010,SURV,735
Hummocks,Hummocks,20/09/2009,SURV,736
Hummocks,Hummocks,20/09/2016,SURV,737
Hummocks,Hummocks,22/09/2015,SURV,738
Hummocks,Hummocks,28/09/2017,SURV,739
Hummocks,Hummocks,30/01/2009,SURV,740
Hummocks,Hummocks,no specified date,SURV,741
Low Hump,Low Hump,14/09/2001,COLO,742
Low Hump,Low Hump,15/11/2008,COLO,743
Low Hump,Low Hump,16/09/2004,COLO,744
Low Hump,Low Hump,31/01/2009,COLO,745
Low Hump,Low Hump,no specified date,COLO,746
Low Hump,Low Hump Colony,12/09/2010,COLO,747
Low Hump,Low Hump Colony,17/11/2009,COLO,748
Low Hump,Low Hump Colony,24/09/2009,COLO,749
Low Hump,Low Hump Colony,no specified date,COLO,750
Maries Colony,Marie's colony,11/02/2010,COLO,751
Maries Colony,Marie's colony,14/09/2009,COLO,752
Maries Colony,Marie's colony,15/11/2008,COLO,753
Maries Colony,Marie's colony,31/01/2009,COLO,754
mid-ridge to west of area 10 and beneath area 11,mid-ridge to west of area 10 and beneath area 11,01/04/2017,SURV,755
mid-ridge to west of area 10 and beneath area 11,mid-ridge to west of area 10 and beneath area 11,02/11/2011,SURV,756
mid-ridge to west of area 10 and beneath area 11,mid-ridge to west of area 10 and beneath area 11,04/04/2013,SURV,757
mid-ridge to west of area 10 and beneath area 11,mid-ridge to west of area 10 and beneath area 11,05/01/2011,SURV,758
mid-ridge to west of area 10 and beneath area 11,mid-ridge to west of area 10 and beneath area 11,06/01/2012,SURV,759
mid-ridge to west of area 10 and beneath area 11,mid-ridge to west of area 10 and beneath area 11,08/04/2016,SURV,760
mid-ridge to west of area 10 and beneath area 11,mid-ridge to west of area 10 and beneath area 11,11/10/2010,SURV,761
mid-ridge to west of area 10 and beneath area 11,mid-ridge to west of area 10 and beneath area 11,13/10/2008,SURV,762
mid-ridge to west of area 10 and beneath area 11,mid-ridge to west of area 10 and beneath area 11,14/04/2011,SURV,763
mid-ridge to west of area 10 and beneath area 11,mid-ridge to west of area 10 and beneath area 11,17/04/2010,SURV,764
mid-ridge to west of area 10 and beneath area 11,mid-ridge to west of area 10 and beneath area 11,18/12/2008,SURV,765
mid-ridge to west of area 10 and beneath area 11,mid-ridge to west of area 10 and beneath area 11,19/04/2014,SURV,766
mid-ridge to west of area 10 and beneath area 11,mid-ridge to west of area 10 and beneath area 11,21/12/2013,SURV,767
mid-ridge to west of area 10 and beneath area 11,mid-ridge to west of area 10 and beneath area 11,22/12/2012,SURV,768
mid-ridge to west of area 10 and beneath area 11,mid-ridge to west of area 10 and beneath area 11,24/03/2009,SURV,769
mid-ridge to west of area 10 and beneath area 11,mid-ridge to west of area 10 and beneath area 11,25/10/2014,SURV,770
mid-ridge to west of area 10 and beneath area 11,mid-ridge to west of area 10 and beneath area 11,26/04/2012,SURV,771
mid-ridge to west of area 10 and beneath area 11,mid-ridge to west of area 10 and beneath area 11,26/10/2012,SURV,772
mid-ridge to west of area 10 and beneath area 11,mid-ridge to west of area 10 and beneath area 11,26/12/2015,SURV,773
mid-ridge to west of area 10 and beneath area 11,mid-ridge to west of area 10 and beneath area 11,27/10/2000,SURV,774
mid-ridge to west of area 10 and beneath area 11,mid-ridge to west of area 10 and beneath area 11,27/12/2016,SURV,775
mid-ridge to west of area 10 and beneath area 11,mid-ridge to west of area 10 and beneath area 11,28/10/2015,SURV,776
mid-ridge to west of area 10 and beneath area 11,mid-ridge to west of area 10 and beneath area 11,28/12/2009,SURV,777
mid-ridge to west of area 10 and beneath area 11,mid-ridge to west of area 10 and beneath area 11,29/10/2013,SURV,778
mid-ridge to west of area 10 and beneath area 11,mid-ridge to west of area 10 and beneath area 11,30/10/2009,SURV,779
mid-ridge to west of area 10 and beneath area 11,mid-ridge to west of area 10 and beneath area 11,30/10/2016,SURV,780
North side of Cavern Head,North side of Cavern Head,05/04/2017,SURV,781
North side of Cavern Head,North side of Cavern Head,07/04/2015,SURV,782
North side of Cavern Head,North side of Cavern Head,08/04/2016,SURV,783
North side of Cavern Head,North side of Cavern Head,11/10/2010,SURV,784
North side of Cavern Head,North side of Cavern Head,11/11/2011,SURV,785
North side of Cavern Head,North side of Cavern Head,12/04/2011,SURV,786
North side of Cavern Head,North side of Cavern Head,14/10/2008,SURV,787
North side of Cavern Head,North side of Cavern Head,17/10/2005,SURV,788
North side of Cavern Head,North side of Cavern Head,17/10/2009,SURV,789
North side of Cavern Head,North side of Cavern Head,17/10/2013,SURV,790
North side of Cavern Head,North side of Cavern Head,20/10/2012,SURV,791
North side of Cavern Head,North side of Cavern Head,22/10/2014,SURV,792
North side of Cavern Head,North side of Cavern Head,22/12/2014,SURV,793
North side of Cavern Head,North side of Cavern Head,24/10/2016,SURV,794
North side of Cavern Head,North side of Cavern Head,25/10/2000,SURV,795
North side of Cavern Head,North side of Cavern Head,26/12/2015,SURV,796
North side of Cavern Head,North side of Cavern Head,27/12/2016,SURV,797
North side of Cavern Head,North side of Cavern Head,28/10/2015,SURV,798
Richmond Hill,Rich's colony,15/11/2008,COLO,799
Richmond Hill,Rich's colony,31/01/2009,COLO,800
Richmond Hill,Rich's Colony,11/02/2010,COLO,801
Rockhopper Point,Rockhopper Point,17/09/2004,COLO,802
Rockhopper Point,Rockhopper Point (view from thin ridge overlooking colony),09/11/2014,COLO,803
Rockhopper Point,Rockhopper Point (view from thin ridge overlooking colony),21/10/2008,COLO,804
Rockhopper Point,Rockhopper Point (view from thin ridge overlooking colony),21/10/2016,COLO,805
Rockhopper Point,Rockhopper Point (view from thin ridge overlooking colony),23/10/2009,COLO,806
Rockhopper Point,Rockhopper Point (view from thin ridge overlooking colony),26/10/2009,COLO,807
Rockhopper Point,Rockhopper Point (view from thin ridge overlooking colony),27/10/2009,COLO,808
Rocky ridge on skyline to west of area 10,Rocky ridge on skyline to west of area 10,01/04/2017,SURV,809
Rocky ridge on skyline to west of area 10,Rocky ridge on skyline to west of area 10,04/04/2013,SURV,810
Rocky ridge on skyline to west of area 10,Rocky ridge on skyline to west of area 10,05/01/2011,SURV,811
Rocky ridge on skyline to west of area 10,Rocky ridge on skyline to west of area 10,06/01/2012,SURV,812
Rocky ridge on skyline to west of area 10,Rocky ridge on skyline to west of area 10,08/04/2016,SURV,813
Rocky ridge on skyline to west of area 10,Rocky ridge on skyline to west of area 10,10/11/2011,SURV,814
Rocky ridge on skyline to west of area 10,Rocky ridge on skyline to west of area 10,11/10/2010,SURV,815
Rocky ridge on skyline to west of area 10,Rocky ridge on skyline to west of area 10,13/10/2008,SURV,816
Rocky ridge on skyline to west of area 10,Rocky ridge on skyline to west of area 10,14/04/2011,SURV,817
Rocky ridge on skyline to west of area 10,Rocky ridge on skyline to west of area 10,17/04/2010,SURV,818
Rocky ridge on skyline to west of area 10,Rocky ridge on skyline to west of area 10,17/11/2005,SURV,819
Rocky ridge on skyline to west of area 10,Rocky ridge on skyline to west of area 10,18/12/2008,SURV,820
Rocky ridge on skyline to west of area 10,Rocky ridge on skyline to west of area 10,19/04/2014,SURV,821
Rocky ridge on skyline to west of area 10,Rocky ridge on skyline to west of area 10,21/12/2013,SURV,822
Rocky ridge on skyline to west of area 10,Rocky ridge on skyline to west of area 10,22/12/2012,SURV,823
Rocky ridge on skyline to west of area 10,Rocky ridge on skyline to west of area 10,23/10/2014,SURV,824
Rocky ridge on skyline to west of area 10,Rocky ridge on skyline to west of area 10,24/03/2009,SURV,825
Rocky ridge on skyline to west of area 10,Rocky ridge on skyline to west of area 10,26/04/2012,SURV,826
Rocky ridge on skyline to west of area 10,Rocky ridge on skyline to west of area 10,26/10/2012,SURV,827
Rocky ridge on skyline to west of area 10,Rocky ridge on skyline to west of area 10,26/12/2015,SURV,828
Rocky ridge on skyline to west of area 10,Rocky ridge on skyline to west of area 10,27/10/2000,SURV,829
Rocky ridge on skyline to west of area 10,Rocky ridge on skyline to west of area 10,27/12/2016,SURV,830
Rocky ridge on skyline to west of area 10,Rocky ridge on skyline to west of area 10,28/10/2015,SURV,831
Rocky ridge on skyline to west of area 10,Rocky ridge on skyline to west of area 10,28/12/2009,SURV,832
Rocky ridge on skyline to west of area 10,Rocky ridge on skyline to west of area 10,29/10/2013,SURV,833
Rocky ridge on skyline to west of area 10,Rocky ridge on skyline to west of area 10,30/10/2009,SURV,834
Rocky ridge on skyline to west of area 10,Rocky ridge on skyline to west of area 10,30/10/2016,SURV,835
Rocky ridge to west,Rocky ridge to west,01/04/2017,SURV,836
Rocky ridge to west,Rocky ridge to west,04/04/2013,SURV,837
Rocky ridge to west,Rocky ridge to west,05/01/2011,SURV,838
Rocky ridge to west,Rocky ridge to west,05/04/2015,SURV,839
Rocky ridge to west,Rocky ridge to west,06/01/2012,SURV,840
Rocky ridge to west,Rocky ridge to west,08/04/2016,SURV,841
Rocky ridge to west,Rocky ridge to west,11/10/2010,SURV,842
Rocky ridge to west,Rocky ridge to west,13/10/2008,SURV,843
Rocky ridge to west,Rocky ridge to west,14/04/2011,SURV,844
Rocky ridge to west,Rocky ridge to west,17/04/2010,SURV,845
Rocky ridge to west,Rocky ridge to west,18/12/2008,SURV,846
Rocky ridge to west,Rocky ridge to west,19/04/2014,SURV,847
Rocky ridge to west,Rocky ridge to west,19/11/2005,SURV,848
Rocky ridge to west,Rocky ridge to west,21/12/2013,SURV,849
Rocky ridge to west,Rocky ridge to west,22/12/2012,SURV,850
Rocky ridge to west,Rocky ridge to west,23/10/2014,SURV,851
Rocky ridge to west,Rocky ridge to west,24/03/2009,SURV,852
Rocky ridge to west,Rocky ridge to west,25/10/2011,SURV,853
Rocky ridge to west,Rocky ridge to west,26/04/2012,SURV,854
Rocky ridge to west,Rocky ridge to west,26/10/2012,SURV,855
Rocky ridge to west,Rocky ridge to west,26/12/2014,SURV,856
Rocky ridge to west,Rocky ridge to west,26/12/2015,SURV,857
Rocky ridge to west,Rocky ridge to west,27/10/2000,SURV,858
Rocky ridge to west,Rocky ridge to west,27/12/2016,SURV,859
Rocky ridge to west,Rocky ridge to west,28/10/2015,SURV,860
Rocky ridge to west,Rocky ridge to west,28/12/2009,SURV,861
Rocky ridge to west,Rocky ridge to west,29/01/2010,SURV,862
Rocky ridge to west,Rocky ridge to west,29/10/2013,SURV,863
Rocky ridge to west,Rocky ridge to west,30/10/2016,SURV,864
Seal Beach,Cliff above two penguin colonies at Seal beach,01/04/2009,SURV,865
Seal Beach,Cliff above two penguin colonies at Seal beach,05/04/2010,SURV,866
Seal Beach,Cliff above two penguin colonies at Seal beach,13/10/2000,SURV,867
Seal Beach,Cliff above two penguin colonies at Seal beach,14/10/2008,SURV,868
Seal Beach,Cliff above two penguin colonies at Seal beach,15/10/2005,SURV,869
Seal Beach,Cliff above two penguin colonies at Seal beach,18/12/2008,SURV,870
Seal Beach,Cliff above two penguin colonies at Seal beach,19/10/2009,SURV,871
Seal Beach,Cliff above two penguin colonies at Seal beach,20/09/2004,SURV,872
Seal Beach,Cliff above two penguin colonies at Seal beach,27/12/2009,SURV,873
Seal Beach,Cliff on descent to Seal beach,20/09/2004,SURV,874
Seal Beach,"Cliff on descent to Seal beach, to the south of rope and closest and furthersections to north of rope",01/04/2009,SURV,875
Seal Beach,"Cliff on descent to Seal beach, to the south of rope and closest and furthersections to north of rope",05/04/2010,SURV,876
Seal Beach,"Cliff on descent to Seal beach, to the south of rope and closest and furthersections to north of rope",12/10/2005,SURV,877
Seal Beach,"Cliff on descent to Seal beach, to the south of rope and closest and furthersections to north of rope",13/10/2000,SURV,878
Seal Beach,"Cliff on descent to Seal beach, to the south of rope and closest and furthersections to north of rope",15/10/2008,SURV,879
Seal Beach,"Cliff on descent to Seal beach, to the south of rope and closest and furthersections to north of rope",19/10/2009,SURV,880
Seal Beach,"Cliff on descent to Seal beach, to the south of rope and closest and furthersections to north of rope",22/12/2008,SURV,881
Seal Beach,"Cliff on descent to Seal beach, to the south of rope and closest and furthersections to north of rope",27/12/2009,SURV,882
Seal Beach,"Seal beach, first patch to south of stream",06/12/2008,COLO,883
Seal Beach,"Seal beach, first patch to south of stream",08/01/2017,COLO,884
Seal Beach,"Seal beach, first patch to south of stream",09/01/2010,COLO,885
Seal Beach,"Seal beach, first patch to south of stream",09/11/2009,COLO,886
Seal Beach,"Seal beach, first patch to south of stream",10/10/2009,COLO,887
Seal Beach,"Seal beach, first patch to south of stream",12/01/2016,COLO,888
Seal Beach,"Seal beach, first patch to south of stream",12/10/2005,COLO,889
Seal Beach,"Seal beach, first patch to south of stream",12/10/2010,COLO,890
Seal Beach,"Seal beach, first patch to south of stream",12/10/2012,COLO,891
Seal Beach,"Seal beach, first patch to south of stream",12/11/2016,COLO,892
Seal Beach,"Seal beach, first patch to south of stream",13/01/2009,COLO,893
Seal Beach,"Seal beach, first patch to south of stream",13/01/2015,COLO,894
Seal Beach,"Seal beach, first patch to south of stream",13/09/2004,COLO,895
Seal Beach,"Seal beach, first patch to south of stream",14/10/2016,COLO,896
Seal Beach,"Seal beach, first patch to south of stream",15/10/2011,COLO,897
Seal Beach,"Seal beach, first patch to south of stream",17/01/2011,COLO,898
Seal Beach,"Seal beach, first patch to south of stream",17/10/2000,COLO,899
Seal Beach,"Seal beach, first patch to south of stream",21/10/2008,COLO,900
Seal Beach,"Seal beach, first patch to south of stream",21/11/2015,COLO,901
Seal Beach,"Seal beach, first patch to south of stream",22/01/2012,COLO,902
Seal Beach,"Seal beach, first patch to south of stream",22/11/2003,COLO,903
Seal Beach,"Seal beach, first patch to south of stream",22/11/2014,COLO,904
Seal Beach,"Seal beach, first patch to south of stream",23/10/2015,COLO,905
Seal Beach,"Seal beach, first patch to south of stream",23/11/2011,COLO,906
Seal Beach,"Seal beach, first patch to south of stream",24/10/2014,COLO,907
Seal Beach,"Seal beach, first patch to south of stream",24/11/2010,COLO,908
Seal Beach,"Seal beach, first patch to south of stream",27/10/2009,COLO,909
Seal Beach,"Seal beach, first patch to south of stream (part closest to waterfall not visible in scan count)",12/10/2010,COLO,910
Seal Beach,"Seal beach, second patch to south of stream",06/12/2008,COLO,911
Seal Beach,"Seal beach, second patch to south of stream",09/01/2010,COLO,912
Seal Beach,"Seal beach, second patch to south of stream",12/10/2005,COLO,913
Seal Beach,"Seal beach, second patch to south of stream",13/01/2009,COLO,914
Seal Beach,"Seal beach, second patch to south of stream",17/10/2000,COLO,915
Seal Beach,"Seal beach, second patch to south of stream",21/10/2008,COLO,916
Seal Beach,"Seal beach, second patch to south of stream",22/11/2003,COLO,917
Seal Beach,"Seal beach, second patch to south of stream",23/10/2009,COLO,918
Seal Beach,"Seal beach, second patch to south of stream",30/09/2006,COLO,919
Seal Beach,"Seal beach, second patch to south of stream (closest to sea)",08/01/2017,COLO,920
Seal Beach,"Seal beach, second patch to south of stream (closest to sea)",12/01/2016,COLO,921
Seal Beach,"Seal beach, second patch to south of stream (closest to sea)",12/10/2010,COLO,922
Seal Beach,"Seal beach, second patch to south of stream (closest to sea)",12/11/2016,COLO,923
Seal Beach,"Seal beach, second patch to south of stream (closest to sea)",13/01/2015,COLO,924
Seal Beach,"Seal beach, second patch to south of stream (closest to sea)",14/10/2016,COLO,925
Seal Beach,"Seal beach, second patch to south of stream (closest to sea)",15/10/2011,COLO,926
Seal Beach,"Seal beach, second patch to south of stream (closest to sea)",17/01/2011,COLO,927
Seal Beach,"Seal beach, second patch to south of stream (closest to sea)",21/11/2015,COLO,928
Seal Beach,"Seal beach, second patch to south of stream (closest to sea)",22/01/2012,COLO,929
Seal Beach,"Seal beach, second patch to south of stream (closest to sea)",22/10/2012,COLO,930
Seal Beach,"Seal beach, second patch to south of stream (closest to sea)",22/11/2014,COLO,931
Seal Beach,"Seal beach, second patch to south of stream (closest to sea)",23/10/2015,COLO,932
Seal Beach,"Seal beach, second patch to south of stream (closest to sea)",24/10/2014,COLO,933
Seal Beach,"Seal beach, second patch to south of stream (closest to sea)",24/11/2010,COLO,934
Seal Beach,"Seal beach, to north of rope",06/12/2008,COLO,935
Seal Beach,"Seal beach, to north of rope",08/01/2017,COLO,936
Seal Beach,"Seal beach, to north of rope",08/12/2011,COLO,937
Seal Beach,"Seal beach, to north of rope",09/01/2010,COLO,938
Seal Beach,"Seal beach, to north of rope",11/10/2012,COLO,939
Seal Beach,"Seal beach, to north of rope",12/01/2016,COLO,940
Seal Beach,"Seal beach, to north of rope",12/10/2005,COLO,941
Seal Beach,"Seal beach, to north of rope",12/10/2010,COLO,942
Seal Beach,"Seal beach, to north of rope",12/11/2016,COLO,943
Seal Beach,"Seal beach, to north of rope",13/01/2009,COLO,944
Seal Beach,"Seal beach, to north of rope",13/01/2015,COLO,945
Seal Beach,"Seal beach, to north of rope",14/01/2016,COLO,946
Seal Beach,"Seal beach, to north of rope",15/10/2011,COLO,947
Seal Beach,"Seal beach, to north of rope",17/01/2011,COLO,948
Seal Beach,"Seal beach, to north of rope",19/09/2004,COLO,949
Seal Beach,"Seal beach, to north of rope",20/10/2000,COLO,950
Seal Beach,"Seal beach, to north of rope",21/10/2008,COLO,951
Seal Beach,"Seal beach, to north of rope",21/11/2015,COLO,952
Seal Beach,"Seal beach, to north of rope",22/01/2012,COLO,953
Seal Beach,"Seal beach, to north of rope",22/11/2003,COLO,954
Seal Beach,"Seal beach, to north of rope",22/11/2014,COLO,955
Seal Beach,"Seal beach, to north of rope",23/10/2009,COLO,956
Seal Beach,"Seal beach, to north of rope",23/10/2015,COLO,957
Seal Beach,"Seal beach, to north of rope",24/10/2010,COLO,958
Seal Beach,"Seal beach, to north of rope",24/10/2014,COLO,959
Seal Beach,"Seal beach, to north of rope",30/09/2006,COLO,960
Spire Crag,Spire Crag,01/02/2016,SURV,961
Spire Crag,Spire Crag,01/02/2017,SURV,962
Spire Crag,Spire Crag,10/09/2010,SURV,963
Spire Crag,Spire Crag,12/02/2010,SURV,964
Spire Crag,Spire Crag,17/02/2015,SURV,965
Spire Crag,Spire Crag,17/09/2015,SURV,966
Spire Crag,Spire Crag,20/09/2009,SURV,967
Spire Crag,Spire Crag,20/09/2016,SURV,968
Spire Crag,Spire Crag,23/09/2017,SURV,969
Spire Crag,Spire Crag,31/01/2009,SURV,970
Spire Crag,Spire Crag,no specified date,SURV,971
Tafelkop,Tafelkop,01/02/2015,SURV,972
Tafelkop,Tafelkop,03/09/2016,SURV,973
Tafelkop,Tafelkop,10/02/2016,SURV,974
Tafelkop,Tafelkop,10/09/2010,SURV,975
Tafelkop,Tafelkop,15/10/2017,SURV,976
Tafelkop,Tafelkop,17/09/2015,SURV,977
Tafelkop,Tafelkop,19/02/2010,SURV,978
Tafelkop,Tafelkop,20/09/2009,SURV,979
Tafelkop,Tafelkop,21/01/2009,SURV,980
Tafelkop,Tafelkop,26/01/2017,SURV,981
Tafelkop,Tafelkop,27/01/2011,SURV,982
Tafelkop,Tafelkop,no specified date,SURV,983
Tarn Moss,Tarn Moss,01/02/2009,SURV,984
Tarn Moss,Tarn Moss,01/02/2016,SURV,985
Tarn Moss,Tarn Moss,01/02/2017,SURV,986
Tarn Moss,Tarn Moss,10/09/2010,SURV,987
Tarn Moss,Tarn Moss,11/02/2010,SURV,988
Tarn Moss,Tarn Moss,17/09/2015,SURV,989
Tarn Moss,Tarn Moss,20/09/2009,SURV,990
Tarn Moss,Tarn Moss,20/09/2016,SURV,991
Tarn Moss,Tarn Moss,23/09/2017,SURV,992
Tarn Moss,Tarn Moss,24/01/2015,SURV,993
Tarn Moss,Tarn Moss,no specified date,SURV,994
Triple Peak,basin near Triple Peak,10/09/2001,COLO,995
Triple Peak,basin near Triple Peak,14/09/2001,COLO,996
Triple Peak,basin near Triple Peak,16/09/2004,COLO,997
Triple Peak,Triple Peak,01/02/2016,SURV,998
Triple Peak,Triple Peak,06/10/2016,SURV,999
Triple Peak,Triple Peak,10/09/2010,SURV,1000
Triple Peak,Triple Peak,14/02/2010,SURV,1001
Triple Peak,Triple Peak,20/09/2009,SURV,1002
Triple Peak,Triple Peak,23/09/2017,SURV,1003
Triple Peak,Triple Peak,25/01/2015,SURV,1004
Triple Peak,Triple Peak,26/09/2015,SURV,1005
Triple Peak,Triple Peak,31/01/2009,SURV,1006
Triple Peak,Triple Peak,31/01/2017,SURV,1007
Triple Peak,Triple Peak,no specified date,SURV,1008
Tumbledown,Area on coastal side of path to Tumbledown beach,08/10/2010,SURV,1009
Tumbledown,Area on coastal side of path to Tumbledown beach,13/10/2009,SURV,1010
Tumbledown,Area on coastal side of path to Tumbledown beach,14/10/2008,SURV,1011
Tumbledown,Area on coastal side of path to Tumbledown beach,15/10/2005,SURV,1012
Tumbledown,Area on coastal side of path to Tumbledown beach,16/10/2014,SURV,1013
Tumbledown,Area on coastal side of path to Tumbledown beach,16/10/2015,SURV,1014
Tumbledown,Area on coastal side of path to Tumbledown beach,17/10/2000,SURV,1015
Tumbledown,Area on coastal side of path to Tumbledown beach,18/10/2013,SURV,1016
Tumbledown,Area on coastal side of path to Tumbledown beach,22/10/2011,SURV,1017
Tumbledown,Area on coastal side of path to Tumbledown beach,26/10/2003,SURV,1018
Tumbledown,Tumbledown beach to point,06/12/2008,COLO,1019
Tumbledown,Tumbledown beach to point,12/10/2010,COLO,1020
Tumbledown,Tumbledown beach to point,13/01/2009,COLO,1021
Tumbledown,Tumbledown beach to point,13/01/2012,COLO,1022
Tumbledown,Tumbledown beach to point,13/01/2017,COLO,1023
Tumbledown,Tumbledown beach to point,13/11/2005,COLO,1024
Tumbledown,Tumbledown beach to point,14/01/2015,COLO,1025
Tumbledown,Tumbledown beach to point,14/01/2016,COLO,1026
Tumbledown,Tumbledown beach to point,17/01/2010,COLO,1027
Tumbledown,Tumbledown beach to point,17/01/2011,COLO,1028
Tumbledown,Tumbledown beach to point,19/11/2014,COLO,1029
Tumbledown,Tumbledown beach to point,21/10/2008,COLO,1030
Tumbledown,Tumbledown beach to point,22/10/2011,COLO,1031
Tumbledown,Tumbledown beach to point,23/10/2009,COLO,1032
Tumbledown,Tumbledown beach to point,23/10/2016,COLO,1033
Tumbledown,Tumbledown beach to point,23/11/2016,COLO,1034
Tumbledown,Tumbledown beach to point,24/10/2000,COLO,1035
Tumbledown,Tumbledown beach to point,24/10/2010,COLO,1036
Tumbledown,Tumbledown beach to point,24/11/2015,COLO,1037
Tumbledown,Tumbledown beach to point,26/10/2003,COLO,1038
Tumbledown,Tumbledown beach to point,26/10/2009,COLO,1039
Tumbledown,Tumbledown beach to point,26/10/2015,COLO,1040
Tumbledown,Tumbledown beach to point,27/10/2014,COLO,1041
Tumbledown,Tumbledown beach to point,no specified date,COLO,1042
Tumbledown,"Tumbledown, south of point",01/12/2016,COLO,1043
Tumbledown,"Tumbledown, south of point",06/12/2008,COLO,1044
Tumbledown,"Tumbledown, south of point",12/10/2010,COLO,1045
Tumbledown,"Tumbledown, south of point",13/01/2009,COLO,1046
Tumbledown,"Tumbledown, south of point",13/01/2012,COLO,1047
Tumbledown,"Tumbledown, south of point",13/01/2017,COLO,1048
Tumbledown,"Tumbledown, south of point",13/11/2005,COLO,1049
Tumbledown,"Tumbledown, south of point",14/01/2015,COLO,1050
Tumbledown,"Tumbledown, south of point",14/01/2016,COLO,1051
Tumbledown,"Tumbledown, south of point",17/01/2010,COLO,1052
Tumbledown,"Tumbledown, south of point",17/01/2011,COLO,1053
Tumbledown,"Tumbledown, south of point",19/11/2014,COLO,1054
Tumbledown,"Tumbledown, south of point",21/10/2008,COLO,1055
Tumbledown,"Tumbledown, south of point",22/10/2011,COLO,1056
Tumbledown,"Tumbledown, south of point",23/10/2009,COLO,1057
Tumbledown,"Tumbledown, south of point",23/10/2016,COLO,1058
Tumbledown,"Tumbledown, south of point",24/10/2000,COLO,1059
Tumbledown,"Tumbledown, south of point",24/10/2010,COLO,1060
Tumbledown,"Tumbledown, south of point",24/11/2015,COLO,1061
Tumbledown,"Tumbledown, south of point",26/10/2015,COLO,1062
Tumbledown,"Tumbledown, south of point",27/10/2014,COLO,1063
Tumbledown,"Tumbledown, south of point",no specified date,COLO,1064
Unknown,"",21/10/2008,COLO,1065
Unknown,Bay to the south of South West Point,21/10/2008,COLO,1066
Unknown,Bay to the south of South West Point,27/10/2009,COLO,1067
Unknown,Beaches to North of cliffs by Saddle Island,21/10/2008,COLO,1068
Unknown,Beaches to North of cliffs by Saddle Island,27/10/2009,COLO,1069
Unknown,Between two good view points,21/10/2008,COLO,1070
Unknown,Between two good view points,27/10/2009,COLO,1071
Unknown,"Cliffs just to north of Haularound Pt, just past waterfall",30/10/2009,COLO,1072
Unknown,Sophora Glen,01/11/2000,COLO,1073
Unknown,Sophora Glen,07/11/2009,COLO,1074
Unknown,Sophora Glen,24/11/2005,COLO,1075
Unknown,South of South West Point,21/10/2008,COLO,1076
Unknown,South of South West Point,27/10/2009,COLO,1077
Unknown,South of South West Point 2,21/10/2008,COLO,1078
Unknown,South of South West Point 2,27/10/2009,COLO,1079
Unknown,South Point where scramble down,21/10/2008,COLO,1080
Unknown,South Point where scramble down,27/10/2009,COLO,1081
Unknown,Tafelkop Path,09/06/2009,COLO,1082
Unknown,Tafelkop Path,26/05/2009,COLO,1083
Unknown,The Glen,01/11/2000,COLO,1084
Unknown,The Glen,09/11/2009,COLO,1085
Unknown,The Glen,18/01/2010,COLO,1086
Unknown,The Glen,20/01/2012,COLO,1087
Unknown,The Glen,24/11/2005,COLO,1088
West Point,West Point,01/02/2016,SURV,1089
West Point,West Point,06/10/2016,SURV,1090
West Point,West Point,10/09/2010,SURV,1091
West Point,West Point,14/02/2010,SURV,1092
West Point,West Point,20/09/2009,SURV,1093
West Point,West Point,23/09/2017,SURV,1094
West Point,West Point,26/01/2015,SURV,1095
West Point,West Point,26/09/2015,SURV,1096
West Point,West Point,31/01/2009,SURV,1097
West Point,West Point,31/01/2017,SURV,1098
West Point,West Point,no specified date,SURV,1099
